"recordName","serialNumber","atomName","alternateLocation","resourceName","chainIdentifier","residueSequence","residueInsertionCode","x","y","z","occupancy","temperatureFactor","elementSymbol","atomCharge"
"ATOM","1","N","","PRO","","1","","12.316","-13.580","12.822","1.00","28.45","",""
"ATOM","2","CA","","PRO","","1","","12.075","-12.153","13.089","1.00","25.54","",""
"ATOM","3","C","","PRO","","1","","11.736","-11.390","11.805","1.00","20.48","",""
"ATOM","4","O","","PRO","","1","","11.830","-11.858","10.668","1.00","17.08","",""
"ATOM","5","CB","","PRO","","1","","13.325","-11.655","13.759","1.00","26.46","",""
"ATOM","6","CG","","PRO","","1","","14.247","-12.854","13.841","1.00","28.75","",""
"ATOM","7","CD","","PRO","","1","","13.297","-14.068","13.823","1.00","28.17","",""
"ATOM","8","N","","ILE","","2","","11.320","-10.164","12.105","1.00","15.72","",""
"ATOM","9","CA","","ILE","","2","","10.910","-9.284","10.994","1.00","15.73","",""
"ATOM","10","C","","ILE","","2","","12.167","-8.681","10.353","1.00","13.05","",""
"ATOM","11","O","","ILE","","2","","13.027","-8.158","11.087","1.00","12.26","",""
"ATOM","12","CB","","ILE","","2","","9.958","-8.126","11.558","1.00","15.12","",""
"ATOM","13","CG1","","ILE","","2","","8.918","-8.635","12.536","1.00","16.45","",""
"ATOM","14","CG2","","ILE","","2","","9.308","-7.336","10.359","1.00","16.41","",""
"ATOM","15","CD1","","ILE","","2","","8.314","-7.573","13.524","1.00","17.48","",""
"ATOM","16","N","","GLU","","3","","12.196","-8.666","9.044","1.00","13.85","",""
"ATOM","17","CA","","GLU","","3","","13.201","-8.094","8.180","1.00","14.39","",""
"ATOM","18","C","","GLU","","3","","12.637","-7.236","7.047","1.00","13.49","",""
"ATOM","19","O","","GLU","","3","","11.516","-7.489","6.603","1.00","14.32","",""
"ATOM","20","CB","","GLU","","3","","13.900","-9.221","7.400","1.00","22.91","",""
"ATOM","21","CG","","GLU","","3","","14.677","-10.232","8.246","1.00","34.90","",""
"ATOM","22","CD","","GLU","","3","","15.781","-10.828","7.375","1.00","42.41","",""
"ATOM","23","OE1","","GLU","","3","","15.273","-11.400","6.382","1.00","44.21","",""
"ATOM","24","OE2","","GLU","","3","","16.944","-10.631","7.666","1.00","45.74","",""
"ATOM","25","N","","VAL","","4","","13.383","-6.285","6.533","1.00","13.52","",""
"ATOM","26","CA","","VAL","","4","","13.004","-5.439","5.388","1.00","11.17","",""
"ATOM","27","C","","VAL","","4","","14.019","-5.854","4.315","1.00","11.46","",""
"ATOM","28","O","","VAL","","4","","15.236","-5.805","4.571","1.00","12.17","",""
"ATOM","29","CB","","VAL","","4","","13.116","-3.920","5.612","1.00","10.32","",""
"ATOM","30","CG1","","VAL","","4","","12.750","-3.236","4.310","1.00","10.15","",""
"ATOM","31","CG2","","VAL","","4","","12.222","-3.521","6.738","1.00","14.71","",""
"ATOM","32","N","","ASN","","5","","13.568","-6.291","3.184","1.00","11.77","",""
"ATOM","33","CA","","ASN","","5","","14.458","-6.766","2.116","1.00","10.03","",""
"ATOM","34","C","","ASN","","5","","14.789","-5.583","1.199","1.00","11.13","",""
"ATOM","35","O","","ASN","","5","","14.344","-4.445","1.415","1.00","12.10","",""
"ATOM","36","CB","","ASN","","5","","13.946","-8.017","1.480","1.00","11.57","",""
"ATOM","37","CG","","ASN","","5","","12.848","-7.772","0.466","1.00","16.21","",""
"ATOM","38","OD1","","ASN","","5","","12.689","-6.645","-0.059","1.00","13.83","",""
"ATOM","39","ND2","","ASN","","5","","12.053","-8.818","0.195","1.00","21.32","",""
"ATOM","40","N","","ASP","","6","","15.618","-5.903","0.199","1.00","12.66","",""
"ATOM","41","CA","","ASP","","6","","16.112","-4.893","-0.730","1.00","11.33","",""
"ATOM","42","C","","ASP","","6","","15.079","-4.363","-1.721","1.00","12.51","",""
"ATOM","43","O","","ASP","","6","","15.495","-3.413","-2.454","1.00","13.71","",""
"ATOM","44","CB","","ASP","","6","","17.384","-5.371","-1.401","1.00","15.65","",""
"ATOM","45","CG","","ASP","","6","","18.659","-5.325","-0.569","1.00","22.96","",""
"ATOM","46","OD1","","ASP","","6","","18.801","-4.501","0.370","1.00","23.09","",""
"ATOM","47","OD2","","ASP","","6","","19.497","-6.190","-0.906","1.00","24.77","",""
"ATOM","48","N","","ASP","","7","","13.880","-4.907","-1.729","1.00","10.59","",""
"ATOM","49","CA","","ASP","","7","","12.794","-4.439","-2.583","1.00","7.21","",""
"ATOM","50","C","","ASP","","7","","12.209","-3.160","-1.956","1.00","6.61","",""
"ATOM","51","O","","ASP","","7","","11.492","-2.418","-2.638","1.00","10.39","",""
"ATOM","52","CB","","ASP","","7","","11.797","-5.518","-2.912","1.00","9.69","",""
"ATOM","53","CG","","ASP","","7","","12.320","-6.398","-4.061","1.00","14.96","",""
"ATOM","54","OD1","","ASP","","7","","13.154","-5.917","-4.839","1.00","23.14","",""
"ATOM","55","OD2","","ASP","","7","","11.923","-7.547","-4.214","1.00","20.85","",""
"ATOM","56","N","","CYS","","8","","12.577","-2.811","-0.763","1.00","4.66","",""
"ATOM","57","CA","","CYS","","8","","12.026","-1.600","-0.155","1.00","6.42","",""
"ATOM","58","C","","CYS","","8","","12.148","-0.423","-1.086","1.00","7.09","",""
"ATOM","59","O","","CYS","","8","","13.262","-0.102","-1.496","1.00","11.37","",""
"ATOM","60","CB","","CYS","","8","","12.634","-1.381","1.223","1.00","9.43","",""
"ATOM","61","SG","","CYS","","8","","12.195","0.225","2.023","1.00","10.79","",""
"ATOM","62","N","","MET","","9","","11.073","0.260","-1.346","1.00","10.37","",""
"ATOM","63","CA","","MET","","9","","11.001","1.414","-2.222","1.00","11.01","",""
"ATOM","64","C","","MET","","9","","10.921","2.715","-1.459","1.00","11.23","",""
"ATOM","65","O","","MET","","9","","10.683","3.763","-2.078","1.00","10.91","",""
"ATOM","66","CB","","MET","","9","","9.770","1.255","-3.080","1.00","16.26","",""
"ATOM","67","CG","","MET","","9","","9.891","0.132","-4.059","1.00","18.97","",""
"ATOM","68","SD","","MET","","9","","8.578","0.489","-5.360","1.00","22.64","",""
"ATOM","69","CE","","MET","","9","","7.405","-0.680","-4.681","1.00","15.27","",""
"ATOM","70","N","","ALA","","10","","11.090","2.670","-0.183","1.00","11.51","",""
"ATOM","71","CA","","ALA","","10","","11.027","3.760","0.789","1.00","12.03","",""
"ATOM","72","C","","ALA","","10","","9.652","4.435","0.737","1.00","12.34","",""
"ATOM","73","O","","ALA","","10","","9.659","5.661","0.733","1.00","13.45","",""
"ATOM","74","CB","","ALA","","10","","12.042","4.874","0.638","1.00","15.37","",""
"ATOM","75","N","","CYS","","11","","8.630","3.624","0.713","1.00","11.03","",""
"ATOM","76","CA","","CYS","","11","","7.210","4.036","0.672","1.00","13.08","",""
"ATOM","77","C","","CYS","","11","","6.826","4.734","1.980","1.00","15.21","",""
"ATOM","78","O","","CYS","","11","","6.023","5.689","1.980","1.00","14.42","",""
"ATOM","79","CB","","CYS","","11","","6.400","2.761","0.461","1.00","14.23","",""
"ATOM","80","SG","","CYS","","11","","6.454","2.147","-1.265","1.00","16.53","",""
"ATOM","81","N","","GLU","","12","","7.407","4.266","3.073","1.00","15.26","",""
"ATOM","82","CA","","GLU","","12","","7.299","4.622","4.448","1.00","16.74","",""
"ATOM","83","C","","GLU","","12","","5.910","4.399","5.048","1.00","15.35","",""
"ATOM","84","O","","GLU","","12","","5.615","4.997","6.090","1.00","16.93","",""
"ATOM","85","CB","","GLU","","12","","7.592","6.073","4.866","1.00","18.38","",""
"ATOM","86","CG","","GLU","","12","","8.606","6.642","3.853","1.00","27.43","",""
"ATOM","87","CD","","GLU","","12","","9.272","7.915","4.195","1.00","31.02","",""
"ATOM","88","OE1","","GLU","","12","","8.906","8.375","5.294","1.00","39.68","",""
"ATOM","89","OE2","","GLU","","12","","10.095","8.430","3.459","1.00","38.35","",""
"ATOM","90","N","","ALA","","13","","5.144","3.553","4.398","1.00","13.75","",""
"ATOM","91","CA","","ALA","","13","","3.834","3.237","4.991","1.00","12.75","",""
"ATOM","92","C","","ALA","","13","","4.116","2.559","6.338","1.00","13.71","",""
"ATOM","93","O","","ALA","","13","","3.377","2.852","7.317","1.00","15.22","",""
"ATOM","94","CB","","ALA","","13","","3.033","2.317","4.073","1.00","13.21","",""
"ATOM","95","N","","CYS","","14","","5.067","1.655","6.394","1.00","11.54","",""
"ATOM","96","CA","","CYS","","14","","5.372","0.922","7.651","1.00","8.83","",""
"ATOM","97","C","","CYS","","14","","5.704","1.890","8.802","1.00","10.84","",""
"ATOM","98","O","","CYS","","14","","5.341","1.592","9.959","1.00","9.07","",""
"ATOM","99","CB","","CYS","","14","","6.528","-0.042","7.425","1.00","14.48","",""
"ATOM","100","SG","","CYS","","14","","8.046","0.758","6.840","1.00","11.70","",""
"ATOM","101","N","","VAL","","15","","6.373","2.975","8.539","1.00","9.76","",""
"ATOM","102","CA","","VAL","","15","","6.730","3.963","9.602","1.00","12.35","",""
"ATOM","103","C","","VAL","","15","","5.529","4.690","10.173","1.00","15.06","",""
"ATOM","104","O","","VAL","","15","","5.441","5.089","11.374","1.00","15.30","",""
"ATOM","105","CB","","VAL","","15","","7.838","4.845","8.951","1.00","16.87","",""
"ATOM","106","CG1","","VAL","","15","","8.201","6.097","9.747","1.00","21.59","",""
"ATOM","107","CG2","","VAL","","15","","9.092","4.006","8.760","1.00","14.41","",""
"ATOM","108","N","","GLU","","16","","4.529","5.021","9.386","1.00","16.42","",""
"ATOM","109","CA","","GLU","","16","","3.280","5.689","9.685","1.00","17.03","",""
"ATOM","110","C","","GLU","","16","","2.291","4.813","10.484","1.00","13.91","",""
"ATOM","111","O","","GLU","","16","","1.659","5.283","11.432","1.00","14.35","",""
"ATOM","112","CB","","GLU","","16","","2.533","6.113","8.390","1.00","21.19","",""
"ATOM","113","CG","","GLU","","16","","3.286","7.213","7.608","1.00","25.93","",""
"ATOM","114","CD","","GLU","","16","","2.562","7.639","6.331","1.00","20.00","",""
"ATOM","115","OE1","","GLU","","16","","1.440","7.088","6.011","1.00","20.00","",""
"ATOM","116","OE2","","GLU","","16","","3.073","8.550","5.574","1.00","20.00","",""
"ATOM","117","N","","ILE","","17","","2.215","3.576","10.109","1.00","11.73","",""
"ATOM","118","CA","","ILE","","17","","1.396","2.513","10.642","1.00","9.58","",""
"ATOM","119","C","","ILE","","17","","1.904","1.894","11.892","1.00","9.42","",""
"ATOM","120","O","","ILE","","17","","1.128","1.595","12.801","1.00","11.98","",""
"ATOM","121","CB","","ILE","","17","","1.343","1.337","9.535","1.00","11.05","",""
"ATOM","122","CG1","","ILE","","17","","0.374","1.709","8.435","1.00","13.25","",""
"ATOM","123","CG2","","ILE","","17","","1.053","-0.011","10.247","1.00","15.93","",""
"ATOM","124","CD1","","ILE","","17","","0.488","0.799","7.188","1.00","14.27","",""
"ATOM","125","N","","CYS","","18","","3.189","1.671","12.042","1.00","9.58","",""
"ATOM","126","CA","","CYS","","18","","3.785","1.013","13.224","1.00","9.78","",""
"ATOM","127","C","","CYS","","18","","5.128","1.616","13.603","1.00","9.51","",""
"ATOM","128","O","","CYS","","18","","6.156","0.971","13.493","1.00","8.56","",""
"ATOM","129","CB","","CYS","","18","","3.988","-0.458","12.784","1.00","8.61","",""
"ATOM","130","SG","","CYS","","18","","3.982","-1.667","14.117","1.00","12.90","",""
"ATOM","131","N","","PRO","","19","","5.118","2.834","14.130","1.00","10.61","",""
"ATOM","132","CA","","PRO","","19","","6.317","3.589","14.490","1.00","13.88","",""
"ATOM","133","C","","PRO","","19","","7.180","2.989","15.568","1.00","12.62","",""
"ATOM","134","O","","PRO","","19","","8.402","3.287","15.651","1.00","14.26","",""
"ATOM","135","CB","","PRO","","19","","5.745","4.961","14.907","1.00","14.79","",""
"ATOM","136","CG","","PRO","","19","","4.400","4.570","15.432","1.00","13.20","",""
"ATOM","137","CD","","PRO","","19","","3.897","3.646","14.314","1.00","13.15","",""
"ATOM","138","N","","ASP","","20","","6.656","2.118","16.352","1.00","12.75","",""
"ATOM","139","CA","","ASP","","20","","7.357","1.417","17.434","1.00","13.10","",""
"ATOM","140","C","","ASP","","20","","8.189","0.286","16.884","1.00","14.69","",""
"ATOM","141","O","","ASP","","20","","9.029","-0.229","17.636","1.00","15.21","",""
"ATOM","142","CB","","ASP","","20","","6.318","0.867","18.439","1.00","15.71","",""
"ATOM","143","CG","","ASP","","20","","5.853","2.095","19.228","1.00","23.03","",""
"ATOM","144","OD1","","ASP","","20","","6.673","2.675","19.951","1.00","24.15","",""
"ATOM","145","OD2","","ASP","","20","","4.674","2.448","19.032","1.00","24.14","",""
"ATOM","146","N","","VAL","","21","","7.934","-0.127","15.668","1.00","10.69","",""
"ATOM","147","CA","","VAL","","21","","8.691","-1.247","15.085","1.00","9.03","",""
"ATOM","148","C","","VAL","","21","","9.515","-0.797","13.870","1.00","8.51","",""
"ATOM","149","O","","VAL","","21","","10.550","-1.449","13.643","1.00","10.81","",""
"ATOM","150","CB","","VAL","","21","","7.754","-2.413","14.765","1.00","9.70","",""
"ATOM","151","CG1","","VAL","","21","","8.419","-3.544","13.978","1.00","10.59","",""
"ATOM","152","CG2","","VAL","","21","","7.045","-2.944","16.061","1.00","9.15","",""
"ATOM","153","N","","PHE","","22","","9.140","0.218","13.130","1.00","8.23","",""
"ATOM","154","CA","","PHE","","22","","9.851","0.619","11.922","1.00","8.14","",""
"ATOM","155","C","","PHE","","22","","10.234","2.110","11.923","1.00","10.87","",""
"ATOM","156","O","","PHE","","22","","9.432","2.951","12.293","1.00","9.86","",""
"ATOM","157","CB","","PHE","","22","","9.091","0.360","10.582","1.00","8.54","",""
"ATOM","158","CG","","PHE","","22","","8.571","-1.041","10.442","1.00","9.77","",""
"ATOM","159","CD1","","PHE","","22","","9.429","-2.001","9.888","1.00","11.62","",""
"ATOM","160","CD2","","PHE","","22","","7.305","-1.409","10.887","1.00","8.04","",""
"ATOM","161","CE1","","PHE","","22","","9.019","-3.345","9.748","1.00","11.55","",""
"ATOM","162","CE2","","PHE","","22","","6.915","-2.742","10.773","1.00","8.51","",""
"ATOM","163","CZ","","PHE","","22","","7.747","-3.706","10.176","1.00","5.47","",""
"ATOM","164","N","","GLU","","23","","11.485","2.264","11.476","1.00","14.66","",""
"ATOM","165","CA","","GLU","","23","","12.064","3.622","11.337","1.00","14.04","",""
"ATOM","166","C","","GLU","","23","","12.804","3.631","10.001","1.00","14.51","",""
"ATOM","167","O","","GLU","","23","","13.060","2.532","9.474","1.00","13.11","",""
"ATOM","168","CB","","GLU","","23","","12.911","4.067","12.462","1.00","15.58","",""
"ATOM","169","CG","","GLU","","23","","14.319","3.781","12.773","1.00","22.65","",""
"ATOM","170","CD","","GLU","","23","","15.048","4.312","13.961","1.00","25.38","",""
"ATOM","171","OE1","","GLU","","23","","14.443","4.900","14.879","1.00","28.76","",""
"ATOM","172","OE2","","GLU","","23","","16.244","4.091","14.120","1.00","30.33","",""
"ATOM","173","N","","MET","","24","","13.018","4.834","9.483","1.00","13.59","",""
"ATOM","174","CA","","MET","","24","","13.773","4.966","8.209","1.00","16.16","",""
"ATOM","175","C","","MET","","24","","15.277","5.057","8.587","1.00","18.15","",""
"ATOM","176","O","","MET","","24","","15.636","5.524","9.708","1.00","18.45","",""
"ATOM","177","CB","","MET","","24","","13.356","6.136","7.352","1.00","14.39","",""
"ATOM","178","CG","","MET","","24","","12.076","6.184","6.636","1.00","12.78","",""
"ATOM","179","SD","","MET","","24","","11.712","4.586","5.837","1.00","15.44","",""
"ATOM","180","CE","","MET","","24","","12.398","4.762","4.234","1.00","13.38","",""
"ATOM","181","N","","ASN","","25","","16.133","4.542","7.702","1.00","16.29","",""
"ATOM","182","CA","","ASN","","25","","17.579","4.654","7.904","1.00","16.88","",""
"ATOM","183","C","","ASN","","25","","17.955","6.151","7.694","1.00","18.18","",""
"ATOM","184","O","","ASN","","25","","17.113","6.987","7.265","1.00","15.52","",""
"ATOM","185","CB","","ASN","","25","","18.349","3.725","6.982","1.00","16.22","",""
"ATOM","186","CG","","ASN","","25","","18.210","4.051","5.522","1.00","11.26","",""
"ATOM","187","OD1","","ASN","","25","","17.516","4.997","5.128","1.00","16.79","",""
"ATOM","188","ND2","","ASN","","25","","18.913","3.220","4.725","1.00","16.08","",""
"ATOM","189","N","","GLU","","26","","19.241","6.418","8.008","1.00","18.91","",""
"ATOM","190","CA","","GLU","","26","","19.718","7.806","7.892","1.00","22.74","",""
"ATOM","191","C","","GLU","","26","","19.647","8.335","6.467","1.00","21.82","",""
"ATOM","192","O","","GLU","","26","","19.203","9.495","6.240","1.00","21.19","",""
"ATOM","193","CB","","GLU","","26","","21.088","8.074","8.505","1.00","32.65","",""
"ATOM","194","CG","","GLU","","26","","21.464","9.535","8.759","1.00","41.68","",""
"ATOM","195","CD","","GLU","","26","","22.879","10.014","8.717","1.00","47.21","",""
"ATOM","196","OE1","","GLU","","26","","23.747","9.125","8.487","1.00","48.90","",""
"ATOM","197","OE2","","GLU","","26","","23.175","11.207","8.898","1.00","49.46","",""
"ATOM","198","N","","GLU","","27","","20.005","7.508","5.491","1.00","20.41","",""
"ATOM","199","CA","","GLU","","27","","19.951","7.884","4.077","1.00","21.94","",""
"ATOM","200","C","","GLU","","27","","18.495","8.207","3.729","1.00","23.80","",""
"ATOM","201","O","","GLU","","27","","18.231","9.074","2.890","1.00","23.26","",""
"ATOM","202","CB","","GLU","","27","","20.406","6.783","3.112","1.00","22.86","",""
"ATOM","203","CG","","GLU","","27","","21.731","7.066","2.382","1.00","32.30","",""
"ATOM","204","CD","","GLU","","27","","21.616","8.309","1.494","1.00","20.00","",""
"ATOM","205","OE1","","GLU","","27","","20.506","8.963","1.434","1.00","20.00","",""
"ATOM","206","OE2","","GLU","","27","","22.632","8.699","0.803","1.00","20.00","",""
"ATOM","207","N","","GLY","","28","","17.598","7.444","4.378","1.00","19.53","",""
"ATOM","208","CA","","GLY","","28","","16.179","7.621","4.138","1.00","16.72","",""
"ATOM","209","C","","GLY","","28","","15.734","6.856","2.921","1.00","15.53","",""
"ATOM","210","O","","GLY","","28","","14.794","7.322","2.277","1.00","18.71","",""
"ATOM","211","N","","ASP","","29","","16.313","5.740","2.582","1.00","14.90","",""
"ATOM","212","CA","","ASP","","29","","15.911","5.008","1.362","1.00","13.44","",""
"ATOM","213","C","","ASP","","29","","15.580","3.570","1.711","1.00","13.38","",""
"ATOM","214","O","","ASP","","29","","15.323","2.777","0.765","1.00","13.82","",""
"ATOM","215","CB","","ASP","","29","","16.984","5.137","0.283","1.00","17.69","",""
"ATOM","216","CG","","ASP","","29","","18.374","4.649","0.625","1.00","20.31","",""
"ATOM","217","OD1","","ASP","","29","","18.770","4.241","1.742","1.00","16.30","",""
"ATOM","218","OD2","","ASP","","29","","19.202","4.638","-0.336","1.00","22.61","",""
"ATOM","219","N","","LYS","","30","","15.612","3.305","3.025","1.00","13.29","",""
"ATOM","220","CA","","LYS","","30","","15.251","1.941","3.437","1.00","11.56","",""
"ATOM","221","C","","LYS","","30","","14.737","1.982","4.870","1.00","13.21","",""
"ATOM","222","O","","LYS","","30","","15.269","2.745","5.696","1.00","13.70","",""
"ATOM","223","CB","","LYS","","30","","16.339","0.899","3.322","1.00","11.63","",""
"ATOM","224","CG","","LYS","","30","","15.783","-0.532","3.244","1.00","11.23","",""
"ATOM","225","CD","","LYS","","30","","16.851","-1.590","3.115","1.00","15.84","",""
"ATOM","226","CE","","LYS","","30","","16.245","-2.967","3.351","1.00","19.58","",""
"ATOM","227","NZ","","LYS","","30","","17.334","-3.986","3.463","1.00","24.37","",""
"ATOM","228","N","","ALA","","31","","13.703","1.128","5.104","1.00","11.72","",""
"ATOM","229","CA","","ALA","","31","","13.183","1.073","6.483","1.00","12.28","",""
"ATOM","230","C","","ALA","","31","","14.105","0.143","7.308","1.00","11.46","",""
"ATOM","231","O","","ALA","","31","","14.697","-0.807","6.739","1.00","12.71","",""
"ATOM","232","CB","","ALA","","31","","11.754","0.610","6.577","1.00","9.40","",""
"ATOM","233","N","","VAL","","32","","14.127","0.412","8.578","1.00","10.75","",""
"ATOM","234","CA","","VAL","","32","","14.893","-0.329","9.571","1.00","11.47","",""
"ATOM","235","C","","VAL","","32","","13.936","-0.909","10.607","1.00","9.78","",""
"ATOM","236","O","","VAL","","32","","13.009","-0.192","11.014","1.00","10.76","",""
"ATOM","237","CB","","VAL","","32","","15.887","0.668","10.254","1.00","12.83","",""
"ATOM","238","CG1","","VAL","","32","","16.547","-0.010","11.411","1.00","18.59","",""
"ATOM","239","CG2","","VAL","","32","","16.913","1.262","9.301","1.00","17.90","",""
"ATOM","240","N","","VAL","","33","","14.207","-2.102","11.067","1.00","8.94","",""
"ATOM","241","CA","","VAL","","33","","13.377","-2.737","12.098","1.00","7.88","",""
"ATOM","242","C","","VAL","","33","","13.946","-2.475","13.490","1.00","10.93","",""
"ATOM","243","O","","VAL","","33","","15.014","-3.056","13.810","1.00","10.83","",""
"ATOM","244","CB","","VAL","","33","","13.365","-4.274","11.823","1.00","9.71","",""
"ATOM","245","CG1","","VAL","","33","","12.565","-5.026","12.860","1.00","8.70","",""
"ATOM","246","CG2","","VAL","","33","","12.952","-4.508","10.376","1.00","8.75","",""
"ATOM","247","N","","ILE","","34","","13.293","-1.693","14.283","1.00","10.23","",""
"ATOM","248","CA","","ILE","","34","","13.734","-1.394","15.647","1.00","11.42","",""
"ATOM","249","C","","ILE","","34","","13.538","-2.580","16.590","1.00","12.34","",""
"ATOM","250","O","","ILE","","34","","14.248","-2.591","17.616","1.00","17.20","",""
"ATOM","251","CB","","ILE","","34","","12.854","-0.213","16.180","1.00","13.15","",""
"ATOM","252","CG1","","ILE","","34","","13.061","1.060","15.361","1.00","18.04","",""
"ATOM","253","CG2","","ILE","","34","","13.053","-0.033","17.699","1.00","20.08","",""
"ATOM","254","CD1","","ILE","","34","","11.887","2.032","15.737","1.00","17.01","",""
"ATOM","255","N","","ASN","","35","","12.578","-3.443","16.386","1.00","10.19","",""
"ATOM","256","CA","","ASN","","35","","12.340","-4.600","17.288","1.00","12.73","",""
"ATOM","257","C","","ASN","","35","","11.889","-5.756","16.405","1.00","11.67","",""
"ATOM","258","O","","ASN","","35","","10.701","-5.849","16.035","1.00","13.12","",""
"ATOM","259","CB","","ASN","","35","","11.369","-4.308","18.405","1.00","16.34","",""
"ATOM","260","CG","","ASN","","35","","11.222","-5.501","19.379","1.00","22.89","",""
"ATOM","261","OD1","","ASN","","35","","11.981","-6.519","19.311","1.00","24.06","",""
"ATOM","262","ND2","","ASN","","35","","10.214","-5.322","20.248","1.00","23.69","",""
"ATOM","263","N","","PRO","","36","","12.816","-6.602","16.070","1.00","12.80","",""
"ATOM","264","CA","","PRO","","36","","12.564","-7.686","15.132","1.00","14.58","",""
"ATOM","265","C","","PRO","","36","","11.755","-8.816","15.676","1.00","13.28","",""
"ATOM","266","O","","PRO","","36","","11.314","-9.598","14.820","1.00","15.01","",""
"ATOM","267","CB","","PRO","","36","","13.924","-8.127","14.598","1.00","15.08","",""
"ATOM","268","CG","","PRO","","36","","14.917","-7.437","15.426","1.00","15.83","",""
"ATOM","269","CD","","PRO","","36","","14.251","-6.504","16.428","1.00","15.56","",""
"ATOM","270","N","","ASP","","37","","11.593","-8.839","16.968","1.00","15.15","",""
"ATOM","271","CA","","ASP","","37","","10.717","-9.868","17.608","1.00","17.25","",""
"ATOM","272","C","","ASP","","37","","9.335","-9.333","18.072","1.00","17.45","",""
"ATOM","273","O","","ASP","","37","","8.641","-9.994","18.899","1.00","16.85","",""
"ATOM","274","CB","","ASP","","37","","11.481","-10.495","18.777","1.00","23.76","",""
"ATOM","275","CG","","ASP","","37","","12.644","-11.352","18.306","1.00","31.86","",""
"ATOM","276","OD1","","ASP","","37","","12.408","-12.242","17.466","1.00","35.97","",""
"ATOM","277","OD2","","ASP","","37","","13.767","-11.126","18.782","1.00","39.90","",""
"ATOM","278","N","","SER","","38","","8.878","-8.167","17.627","1.00","14.03","",""
"ATOM","279","CA","","SER","","38","","7.632","-7.535","18.022","1.00","14.08","",""
"ATOM","280","C","","SER","","38","","6.412","-8.414","17.707","1.00","13.07","",""
"ATOM","281","O","","SER","","38","","6.350","-9.065","16.623","1.00","14.29","",""
"ATOM","282","CB","","SER","","38","","7.419","-6.181","17.285","1.00","12.61","",""
"ATOM","283","OG","","SER","","38","","6.298","-5.517","17.868","1.00","10.61","",""
"ATOM","284","N","","ASP","","39","","5.489","-8.361","18.618","1.00","11.39","",""
"ATOM","285","CA","","ASP","","39","","4.196","-9.046","18.479","1.00","13.49","",""
"ATOM","286","C","","ASP","","39","","3.051","-8.039","18.207","1.00","14.00","",""
"ATOM","287","O","","ASP","","39","","1.907","-8.492","18.186","1.00","14.35","",""
"ATOM","288","CB","","ASP","","39","","3.851","-9.848","19.734","1.00","23.27","",""
"ATOM","289","CG","","ASP","","39","","4.607","-11.142","19.811","1.00","30.13","",""
"ATOM","290","OD1","","ASP","","39","","5.123","-11.555","18.765","1.00","32.90","",""
"ATOM","291","OD2","","ASP","","39","","4.668","-11.740","20.904","1.00","37.58","",""
"ATOM","292","N","","LEU","","40","","3.334","-6.756","18.076","1.00","12.03","",""
"ATOM","293","CA","","LEU","","40","","2.323","-5.729","17.884","1.00","10.57","",""
"ATOM","294","C","","LEU","","40","","1.515","-6.089","16.660","1.00","11.22","",""
"ATOM","295","O","","LEU","","40","","2.015","-6.604","15.655","1.00","12.58","",""
"ATOM","296","CB","","LEU","","40","","2.970","-4.371","17.792","1.00","7.53","",""
"ATOM","297","CG","","LEU","","40","","3.609","-3.739","18.994","1.00","11.66","",""
"ATOM","298","CD1","","LEU","","40","","4.351","-2.429","18.659","1.00","11.86","",""
"ATOM","299","CD2","","LEU","","40","","2.524","-3.438","20.030","1.00","14.73","",""
"ATOM","300","N","","ASP","","41","","0.222","-5.789","16.769","1.00","12.78","",""
"ATOM","301","CA","","ASP","","41","","-0.713","-6.054","15.653","1.00","11.72","",""
"ATOM","302","C","","ASP","","41","","-0.384","-5.109","14.494","1.00","11.60","",""
"ATOM","303","O","","ASP","","41","","-0.710","-5.453","13.353","1.00","11.36","",""
"ATOM","304","CB","","ASP","","41","","-2.179","-5.884","16.087","1.00","17.50","",""
"ATOM","305","CG","","ASP","","41","","-2.674","-6.839","17.154","1.00","18.81","",""
"ATOM","306","OD1","","ASP","","41","","-2.242","-8.002","17.094","1.00","21.26","",""
"ATOM","307","OD2","","ASP","","41","","-3.446","-6.371","18.042","1.00","20.00","",""
"ATOM","308","N","","CYS","","42","","0.247","-3.952","14.776","1.00","10.50","",""
"ATOM","309","CA","","CYS","","42","","0.541","-3.062","13.618","1.00","10.69","",""
"ATOM","310","C","","CYS","","42","","1.581","-3.706","12.679","1.00","10.74","",""
"ATOM","311","O","","CYS","","42","","1.766","-3.151","11.574","1.00","10.64","",""
"ATOM","312","CB","","CYS","","42","","0.910","-1.633","13.952","1.00","9.35","",""
"ATOM","313","SG","","CYS","","42","","2.298","-1.446","15.128","1.00","14.22","",""
"ATOM","314","N","","VAL","","43","","2.280","-4.728","13.176","1.00","9.71","",""
"ATOM","315","CA","","VAL","","43","","3.296","-5.365","12.297","1.00","9.46","",""
"ATOM","316","C","","VAL","","43","","2.535","-5.947","11.111","1.00","10.06","",""
"ATOM","317","O","","VAL","","43","","2.975","-5.781","9.930","1.00","11.60","",""
"ATOM","318","CB","","VAL","","43","","4.184","-6.368","13.073","1.00","8.15","",""
"ATOM","319","CG1","","VAL","","43","","5.030","-7.238","12.120","1.00","6.97","",""
"ATOM","320","CG2","","VAL","","43","","5.039","-5.654","14.095","1.00","9.63","",""
"ATOM","321","N","","GLU","","44","","1.467","-6.655","11.425","1.00","11.49","",""
"ATOM","322","CA","","GLU","","44","","0.702","-7.304","10.306","1.00","11.66","",""
"ATOM","323","C","","GLU","","44","","0.142","-6.303","9.371","1.00","10.01","",""
"ATOM","324","O","","GLU","","44","","0.146","-6.422","8.144","1.00","10.17","",""
"ATOM","325","CB","","GLU","","44","","-0.193","-8.426","10.795","1.00","13.89","",""
"ATOM","326","CG","","GLU","","44","","0.368","-9.807","10.222","1.00","20.67","",""
"ATOM","327","CD","","GLU","","44","","-0.473","-11.008","10.663","1.00","20.00","",""
"ATOM","328","OE1","","GLU","","44","","-1.510","-10.855","11.416","1.00","20.00","",""
"ATOM","329","OE2","","GLU","","44","","-0.130","-12.187","10.269","1.00","20.00","",""
"ATOM","330","N","","GLU","","45","","-0.286","-5.179","9.930","1.00","10.07","",""
"ATOM","331","CA","","GLU","","45","","-0.797","-4.115","9.069","1.00","11.40","",""
"ATOM","332","C","","GLU","","45","","0.231","-3.527","8.138","1.00","9.58","",""
"ATOM","333","O","","GLU","","45","","0.009","-3.235","6.911","1.00","8.56","",""
"ATOM","334","CB","","GLU","","45","","-1.350","-3.072","10.056","1.00","15.81","",""
"ATOM","335","CG","","GLU","","45","","-2.612","-2.404","9.538","1.00","26.72","",""
"ATOM","336","CD","","GLU","","45","","-2.697","-1.015","10.164","1.00","31.83","",""
"ATOM","337","OE1","","GLU","","45","","-2.544","-1.095","11.397","1.00","26.47","",""
"ATOM","338","OE2","","GLU","","45","","-2.826","-0.042","9.423","1.00","38.36","",""
"ATOM","339","N","","ALA","","46","","1.417","-3.316","8.695","1.00","9.99","",""
"ATOM","340","CA","","ALA","","46","","2.584","-2.786","7.908","1.00","8.96","",""
"ATOM","341","C","","ALA","","46","","2.980","-3.721","6.777","1.00","9.73","",""
"ATOM","342","O","","ALA","","46","","3.259","-3.240","5.660","1.00","11.00","",""
"ATOM","343","CB","","ALA","","46","","3.700","-2.583","8.953","1.00","11.95","",""
"ATOM","344","N","","ILE","","47","","2.984","-5.041","7.063","1.00","6.98","",""
"ATOM","345","CA","","ILE","","47","","3.357","-6.045","6.035","1.00","8.27","",""
"ATOM","346","C","","ILE","","47","","2.395","-5.969","4.870","1.00","11.00","",""
"ATOM","347","O","","ILE","","47","","2.767","-5.904","3.694","1.00","11.69","",""
"ATOM","348","CB","","ILE","","47","","3.316","-7.479","6.709","1.00","7.13","",""
"ATOM","349","CG1","","ILE","","47","","4.435","-7.665","7.716","1.00","8.81","",""
"ATOM","350","CG2","","ILE","","47","","3.330","-8.561","5.608","1.00","11.44","",""
"ATOM","351","CD1","","ILE","","47","","4.559","-9.028","8.456","1.00","10.77","",""
"ATOM","352","N","","ASP","","48","","1.071","-5.906","5.238","1.00","12.89","",""
"ATOM","353","CA","","ASP","","48","","-0.061","-5.867","4.298","1.00","13.07","",""
"ATOM","354","C","","ASP","","48","","-0.113","-4.579","3.517","1.00","13.09","",""
"ATOM","355","O","","ASP","","48","","-0.524","-4.595","2.344","1.00","13.64","",""
"ATOM","356","CB","","ASP","","48","","-1.361","-6.330","4.925","1.00","12.18","",""
"ATOM","357","CG","","ASP","","48","","-1.363","-7.770","5.374","1.00","17.08","",""
"ATOM","358","OD1","","ASP","","48","","-0.601","-8.644","4.871","1.00","21.64","",""
"ATOM","359","OD2","","ASP","","48","","-2.151","-8.111","6.279","1.00","16.46","",""
"ATOM","360","N","","SER","","49","","0.381","-3.518","4.114","1.00","12.43","",""
"ATOM","361","CA","","SER","","49","","0.422","-2.196","3.495","1.00","12.76","",""
"ATOM","362","C","","SER","","49","","1.666","-1.862","2.713","1.00","14.25","",""
"ATOM","363","O","","SER","","49","","1.682","-0.757","2.080","1.00","16.58","",""
"ATOM","364","CB","","SER","","49","","0.273","-1.090","4.572","1.00","17.18","",""
"ATOM","365","OG","","SER","","49","","-0.957","-1.313","5.226","1.00","18.59","",""
"ATOM","366","N","","CYS","","50","","2.666","-2.760","2.749","1.00","11.48","",""
"ATOM","367","CA","","CYS","","50","","3.861","-2.439","1.990","1.00","10.26","",""
"ATOM","368","C","","CYS","","50","","3.679","-2.829","0.507","1.00","9.17","",""
"ATOM","369","O","","CYS","","50","","3.538","-4.031","0.217","1.00","9.86","",""
"ATOM","370","CB","","CYS","","50","","5.087","-3.180","2.577","1.00","14.03","",""
"ATOM","371","SG","","CYS","","50","","6.588","-2.884","1.560","1.00","8.58","",""
"ATOM","372","N","","PRO","","51","","3.802","-1.838","-0.351","1.00","9.79","",""
"ATOM","373","CA","","PRO","","51","","3.566","-2.099","-1.799","1.00","11.94","",""
"ATOM","374","C","","PRO","","51","","4.588","-2.976","-2.439","1.00","14.19","",""
"ATOM","375","O","","PRO","","51","","4.373","-3.701","-3.436","1.00","15.11","",""
"ATOM","376","CB","","PRO","","51","","3.485","-0.711","-2.398","1.00","11.83","",""
"ATOM","377","CG","","PRO","","51","","3.286","0.239","-1.251","1.00","13.91","",""
"ATOM","378","CD","","PRO","","51","","3.996","-0.413","-0.076","1.00","10.59","",""
"ATOM","379","N","","ALA","","52","","5.798","-2.919","-1.830","1.00","13.53","",""
"ATOM","380","CA","","ALA","","52","","6.975","-3.646","-2.312","1.00","12.59","",""
"ATOM","381","C","","ALA","","52","","7.072","-5.062","-1.784","1.00","11.72","",""
"ATOM","382","O","","ALA","","52","","7.937","-5.822","-2.265","1.00","9.90","",""
"ATOM","383","CB","","ALA","","52","","8.245","-2.859","-1.953","1.00","12.70","",""
"ATOM","384","N","","GLU","","53","","6.249","-5.313","-0.805","1.00","12.36","",""
"ATOM","385","CA","","GLU","","53","","6.205","-6.605","-0.097","1.00","15.96","",""
"ATOM","386","C","","GLU","","53","","7.609","-6.936","0.425","1.00","13.54","",""
"ATOM","387","O","","GLU","","53","","8.110","-8.054","0.331","1.00","11.29","",""
"ATOM","388","CB","","GLU","","53","","5.698","-7.718","-0.966","1.00","23.34","",""
"ATOM","389","CG","","GLU","","53","","4.397","-7.437","-1.749","1.00","29.86","",""
"ATOM","390","CD","","GLU","","53","","3.906","-8.729","-2.362","1.00","34.06","",""
"ATOM","391","OE1","","GLU","","53","","4.661","-9.488","-2.943","1.00","35.57","",""
"ATOM","392","OE2","","GLU","","53","","2.690","-8.914","-2.151","1.00","39.40","",""
"ATOM","393","N","","ALA","","54","","8.203","-5.835","0.930","1.00","12.82","",""
"ATOM","394","CA","","ALA","","54","","9.554","-5.856","1.419","1.00","12.16","",""
"ATOM","395","C","","ALA","","54","","9.623","-6.368","2.841","1.00","11.16","",""
"ATOM","396","O","","ALA","","54","","10.749","-6.767","3.221","1.00","11.33","",""
"ATOM","397","CB","","ALA","","54","","10.279","-4.502","1.245","1.00","10.28","",""
"ATOM","398","N","","ILE","","55","","8.528","-6.383","3.556","1.00","10.56","",""
"ATOM","399","CA","","ILE","","55","","8.582","-6.803","4.985","1.00","10.84","",""
"ATOM","400","C","","ILE","","55","","8.278","-8.263","5.139","1.00","11.05","",""
"ATOM","401","O","","ILE","","55","","7.201","-8.658","4.715","1.00","13.20","",""
"ATOM","402","CB","","ILE","","55","","7.700","-5.854","5.876","1.00","9.26","",""
"ATOM","403","CG1","","ILE","","55","","8.080","-4.374","5.580","1.00","10.10","",""
"ATOM","404","CG2","","ILE","","55","","7.907","-6.191","7.362","1.00","10.03","",""
"ATOM","405","CD1","","ILE","","55","","7.041","-3.408","6.213","1.00","9.61","",""
"ATOM","406","N","","VAL","","56","","9.119","-9.050","5.745","1.00","12.49","",""
"ATOM","407","CA","","VAL","","56","","8.866","-10.494","5.856","1.00","14.92","",""
"ATOM","408","C","","VAL","","56","","9.203","-10.985","7.246","1.00","16.48","",""
"ATOM","409","O","","VAL","","56","","9.783","-10.223","8.022","1.00","16.95","",""
"ATOM","410","CB","","VAL","","56","","9.756","-11.145","4.765","1.00","18.49","",""
"ATOM","411","CG1","","VAL","","56","","9.334","-10.596","3.376","1.00","23.13","",""
"ATOM","412","CG2","","VAL","","56","","11.274","-10.958","4.938","1.00","18.89","",""
"ATOM","413","N","","ARG","","57","","8.836","-12.213","7.507","1.00","18.00","",""
"ATOM","414","CA","","ARG","","57","","9.094","-12.894","8.773","1.00","24.11","",""
"ATOM","415","C","","ARG","","57","","10.037","-14.072","8.443","1.00","27.87","",""
"ATOM","416","O","","ARG","","57","","9.453","-15.018","7.865","1.00","28.21","",""
"ATOM","417","CB","","ARG","","57","","7.850","-13.584","9.345","1.00","30.49","",""
"ATOM","418","CG","","ARG","","57","","7.181","-12.896","10.486","1.00","39.29","",""
"ATOM","419","CD","","ARG","","57","","5.912","-13.559","10.974","1.00","43.69","",""
"ATOM","420","NE","","ARG","","57","","4.891","-12.480","11.045","1.00","48.02","",""
"ATOM","421","CZ","","ARG","","57","","4.888","-11.557","12.015","1.00","48.16","",""
"ATOM","422","NH1","","ARG","","57","","5.742","-11.665","13.037","1.00","50.66","",""
"ATOM","423","NH2","","ARG","","57","","4.121","-10.467","11.911","1.00","47.87","",""
"ATOM","424","N","","SER","","58","","11.272","-13.975","8.860","1.00","30.01","",""
"ATOM","425","CA","","SER","","58","","12.307","-14.983","8.626","1.00","31.87","",""
"ATOM","426","C","","SER","","58","","12.549","-15.974","9.752","1.00","32.56","",""
"ATOM","427","O","","SER","","58","","12.841","-17.137","9.359","1.00","34.80","",""
"ATOM","428","CB","","SER","","58","","13.639","-14.289","8.311","1.00","32.88","",""
"ATOM","429","OG","","SER","","58","","13.368","-13.196","7.441","1.00","39.87","",""
"ATOM","430","OXT","","SER","","58","","12.464","-15.583","10.912","1.00","33.73","",""
"END"